prime	level	multiplier	upper_index	summand_index	stratum	valuation	target	slack	violation_energy
2	1	1	2	0	transfer	2	2	0	0
2	1	1	2	1	vanish	4	2	2	0
2	1	1	2	2	transfer	6	2	4	0
2	1	2	4	0	transfer	6	2	4	0
2	1	2	4	1	vanish	6	2	4	0
2	1	2	4	2	transfer	5	2	3	0
2	1	2	4	3	vanish	7	2	5	0
2	1	2	4	4	transfer	9	2	7	0
2	1	3	6	0	transfer	3	2	1	0
2	1	3	6	1	vanish	5	2	3	0
2	1	3	6	2	transfer	8	2	6	0
2	1	3	6	3	vanish	10	2	8	0
2	1	3	6	4	transfer	5	2	3	0
2	1	3	6	5	vanish	7	2	5	0
2	1	3	6	6	transfer	9	2	7	0
2	2	1	4	0	transfer	6	4	2	0
2	2	1	4	1	vanish	6	4	2	0
2	2	1	4	2	transfer	5	4	1	0
2	2	1	4	3	vanish	7	4	3	0
2	2	1	4	4	transfer	9	4	5	0
2	2	2	8	0	transfer	9	4	5	0
2	2	2	8	1	vanish	8	4	4	0
2	2	2	8	2	transfer	7	4	3	0
2	2	2	8	3	vanish	9	4	5	0
2	2	2	8	4	transfer	9	4	5	0
2	2	2	8	5	vanish	9	4	5	0
2	2	2	8	6	transfer	8	4	4	0
2	2	2	8	7	vanish	10	4	6	0
2	2	2	8	8	transfer	12	4	8	0
2	2	3	12	0	transfer	7	4	3	0
2	2	3	12	1	vanish	7	4	3	0
2	2	3	12	2	transfer	6	4	2	0
2	2	3	12	3	vanish	8	4	4	0
2	2	3	12	4	transfer	11	4	7	0
2	2	3	12	5	vanish	12	4	8	0
2	2	3	12	6	transfer	11	4	7	0
2	2	3	12	7	vanish	13	4	9	0
2	2	3	12	8	transfer	9	4	5	0
2	2	3	12	9	vanish	9	4	5	0
2	2	3	12	10	transfer	8	4	4	0
2	2	3	12	11	vanish	10	4	6	0
2	2	3	12	12	transfer	12	4	8	0
3	1	1	3	0	transfer	2	2	0	0
3	1	1	3	1	vanish	2	2	0	0
3	1	1	3	2	vanish	4	2	2	0
3	1	1	3	3	transfer	3	2	1	0
3	1	2	6	0	transfer	3	2	1	0
3	1	2	6	1	vanish	3	2	1	0
3	1	2	6	2	vanish	4	2	2	0
3	1	2	6	3	transfer	4	2	2	0
3	1	2	6	4	vanish	4	2	2	0
3	1	2	6	5	vanish	5	2	3	0
3	1	2	6	6	transfer	4	2	2	0
3	1	3	9	0	transfer	5	2	3	0
3	1	3	9	1	vanish	4	2	2	0
3	1	3	9	2	vanish	5	2	3	0
3	1	3	9	3	transfer	4	2	2	0
3	1	3	9	4	vanish	4	2	2	0
3	1	3	9	5	vanish	7	2	5	0
3	1	3	9	6	transfer	6	2	4	0
3	1	3	9	7	vanish	6	2	4	0
3	1	3	9	8	vanish	7	2	5	0
3	1	3	9	9	transfer	6	2	4	0
3	2	1	9	0	transfer	5	4	1	0
3	2	1	9	1	vanish	4	4	0	0
3	2	1	9	2	vanish	5	4	1	0
3	2	1	9	3	transfer	4	4	0	0
3	2	1	9	4	vanish	4	4	0	0
3	2	1	9	5	vanish	7	4	3	0
3	2	1	9	6	transfer	6	4	2	0
3	2	1	9	7	vanish	6	4	2	0
3	2	1	9	8	vanish	7	4	3	0
3	2	1	9	9	transfer	6	4	2	0
3	2	2	18	0	transfer	6	4	2	0
3	2	2	18	1	vanish	5	4	1	0
3	2	2	18	2	vanish	6	4	2	0
3	2	2	18	3	transfer	5	4	1	0
3	2	2	18	4	vanish	5	4	1	0
3	2	2	18	5	vanish	7	4	3	0
3	2	2	18	6	transfer	6	4	2	0
3	2	2	18	7	vanish	6	4	2	0
3	2	2	18	8	vanish	7	4	3	0
3	2	2	18	9	transfer	7	4	3	0
3	2	2	18	10	vanish	6	4	2	0
3	2	2	18	11	vanish	7	4	3	0
3	2	2	18	12	transfer	6	4	2	0
3	2	2	18	13	vanish	6	4	2	0
3	2	2	18	14	vanish	8	4	4	0
3	2	2	18	15	transfer	7	4	3	0
3	2	2	18	16	vanish	7	4	3	0
3	2	2	18	17	vanish	8	4	4	0
3	2	2	18	18	transfer	7	4	3	0
3	2	3	27	0	transfer	8	4	4	0
3	2	3	27	1	vanish	6	4	2	0
3	2	3	27	2	vanish	7	4	3	0
3	2	3	27	3	transfer	6	4	2	0
3	2	3	27	4	vanish	6	4	2	0
3	2	3	27	5	vanish	8	4	4	0
3	2	3	27	6	transfer	7	4	3	0
3	2	3	27	7	vanish	7	4	3	0
3	2	3	27	8	vanish	8	4	4	0
3	2	3	27	9	transfer	7	4	3	0
3	2	3	27	10	vanish	6	4	2	0
3	2	3	27	11	vanish	7	4	3	0
3	2	3	27	12	transfer	6	4	2	0
3	2	3	27	13	vanish	6	4	2	0
3	2	3	27	14	vanish	10	4	6	0
3	2	3	27	15	transfer	9	4	5	0
3	2	3	27	16	vanish	9	4	5	0
3	2	3	27	17	vanish	10	4	6	0
3	2	3	27	18	transfer	9	4	5	0
3	2	3	27	19	vanish	8	4	4	0
3	2	3	27	20	vanish	9	4	5	0
3	2	3	27	21	transfer	8	4	4	0
3	2	3	27	22	vanish	8	4	4	0
3	2	3	27	23	vanish	10	4	6	0
3	2	3	27	24	transfer	9	4	5	0
3	2	3	27	25	vanish	9	4	5	0
3	2	3	27	26	vanish	10	4	6	0
3	2	3	27	27	transfer	9	4	5	0
5	1	1	5	0	transfer	3	2	1	0
5	1	1	5	1	vanish	2	2	0	0
5	1	1	5	2	vanish	2	2	0	0
5	1	1	5	3	vanish	3	2	1	0
5	1	1	5	4	vanish	3	2	1	0
5	1	1	5	5	transfer	4	2	2	0
5	1	2	10	0	transfer	3	2	1	0
5	1	2	10	1	vanish	2	2	0	0
5	1	2	10	2	vanish	2	2	0	0
5	1	2	10	3	vanish	4	2	2	0
5	1	2	10	4	vanish	4	2	2	0
5	1	2	10	5	transfer	5	2	3	0
5	1	2	10	6	vanish	3	2	1	0
5	1	2	10	7	vanish	3	2	1	0
5	1	2	10	8	vanish	4	2	2	0
5	1	2	10	9	vanish	4	2	2	0
5	1	2	10	10	transfer	5	2	3	0
5	1	3	15	0	transfer	4	2	2	0
5	1	3	15	1	vanish	3	2	1	0
5	1	3	15	2	vanish	3	2	1	0
5	1	3	15	3	vanish	4	2	2	0
5	1	3	15	4	vanish	4	2	2	0
5	1	3	15	5	transfer	4	2	2	0
5	1	3	15	6	vanish	3	2	1	0
5	1	3	15	7	vanish	3	2	1	0
5	1	3	15	8	vanish	4	2	2	0
5	1	3	15	9	vanish	4	2	2	0
5	1	3	15	10	transfer	5	2	3	0
5	1	3	15	11	vanish	4	2	2	0
5	1	3	15	12	vanish	4	2	2	0
5	1	3	15	13	vanish	5	2	3	0
5	1	3	15	14	vanish	5	2	3	0
5	1	3	15	15	transfer	6	2	4	0
5	2	1	25	0	transfer	6	4	2	0
5	2	1	25	1	vanish	4	4	0	0
5	2	1	25	2	vanish	4	4	0	0
5	2	1	25	3	vanish	5	4	1	0
5	2	1	25	4	vanish	5	4	1	0
5	2	1	25	5	transfer	5	4	1	0
5	2	1	25	6	vanish	4	4	0	0
5	2	1	25	7	vanish	4	4	0	0
5	2	1	25	8	vanish	5	4	1	0
5	2	1	25	9	vanish	5	4	1	0
5	2	1	25	10	transfer	5	4	1	0
5	2	1	25	11	vanish	4	4	0	0
5	2	1	25	12	vanish	4	4	0	0
5	2	1	25	13	vanish	6	4	2	0
5	2	1	25	14	vanish	6	4	2	0
5	2	1	25	15	transfer	6	4	2	0
5	2	1	25	16	vanish	5	4	1	0
5	2	1	25	17	vanish	5	4	1	0
5	2	1	25	18	vanish	6	4	2	0
5	2	1	25	19	vanish	6	4	2	0
5	2	1	25	20	transfer	6	4	2	0
5	2	1	25	21	vanish	5	4	1	0
5	2	1	25	22	vanish	5	4	1	0
5	2	1	25	23	vanish	6	4	2	0
5	2	1	25	24	vanish	6	4	2	0
5	2	1	25	25	transfer	7	4	3	0
5	2	2	50	0	transfer	6	4	2	0
5	2	2	50	1	vanish	4	4	0	0
5	2	2	50	2	vanish	4	4	0	0
5	2	2	50	3	vanish	5	4	1	0
5	2	2	50	4	vanish	5	4	1	0
5	2	2	50	5	transfer	5	4	1	0
5	2	2	50	6	vanish	4	4	0	0
5	2	2	50	7	vanish	4	4	0	0
5	2	2	50	8	vanish	5	4	1	0
5	2	2	50	9	vanish	5	4	1	0
5	2	2	50	10	transfer	5	4	1	0
5	2	2	50	11	vanish	4	4	0	0
5	2	2	50	12	vanish	4	4	0	0
5	2	2	50	13	vanish	7	4	3	0
5	2	2	50	14	vanish	7	4	3	0
5	2	2	50	15	transfer	7	4	3	0
5	2	2	50	16	vanish	6	4	2	0
5	2	2	50	17	vanish	6	4	2	0
5	2	2	50	18	vanish	7	4	3	0
5	2	2	50	19	vanish	7	4	3	0
5	2	2	50	20	transfer	7	4	3	0
5	2	2	50	21	vanish	6	4	2	0
5	2	2	50	22	vanish	6	4	2	0
5	2	2	50	23	vanish	7	4	3	0
5	2	2	50	24	vanish	7	4	3	0
5	2	2	50	25	transfer	8	4	4	0
5	2	2	50	26	vanish	5	4	1	0
5	2	2	50	27	vanish	5	4	1	0
5	2	2	50	28	vanish	6	4	2	0
5	2	2	50	29	vanish	6	4	2	0
5	2	2	50	30	transfer	6	4	2	0
5	2	2	50	31	vanish	5	4	1	0
5	2	2	50	32	vanish	5	4	1	0
5	2	2	50	33	vanish	6	4	2	0
5	2	2	50	34	vanish	6	4	2	0
5	2	2	50	35	transfer	6	4	2	0
5	2	2	50	36	vanish	5	4	1	0
5	2	2	50	37	vanish	5	4	1	0
5	2	2	50	38	vanish	7	4	3	0
5	2	2	50	39	vanish	7	4	3	0
5	2	2	50	40	transfer	7	4	3	0
5	2	2	50	41	vanish	6	4	2	0
5	2	2	50	42	vanish	6	4	2	0
5	2	2	50	43	vanish	7	4	3	0
5	2	2	50	44	vanish	7	4	3	0
5	2	2	50	45	transfer	7	4	3	0
5	2	2	50	46	vanish	6	4	2	0
5	2	2	50	47	vanish	6	4	2	0
5	2	2	50	48	vanish	7	4	3	0
5	2	2	50	49	vanish	7	4	3	0
5	2	2	50	50	transfer	8	4	4	0
5	2	3	75	0	transfer	7	4	3	0
5	2	3	75	1	vanish	5	4	1	0
5	2	3	75	2	vanish	5	4	1	0
5	2	3	75	3	vanish	6	4	2	0
5	2	3	75	4	vanish	6	4	2	0
5	2	3	75	5	transfer	6	4	2	0
5	2	3	75	6	vanish	5	4	1	0
5	2	3	75	7	vanish	5	4	1	0
5	2	3	75	8	vanish	6	4	2	0
5	2	3	75	9	vanish	6	4	2	0
5	2	3	75	10	transfer	6	4	2	0
5	2	3	75	11	vanish	5	4	1	0
5	2	3	75	12	vanish	5	4	1	0
5	2	3	75	13	vanish	7	4	3	0
5	2	3	75	14	vanish	7	4	3	0
5	2	3	75	15	transfer	7	4	3	0
5	2	3	75	16	vanish	6	4	2	0
5	2	3	75	17	vanish	6	4	2	0
5	2	3	75	18	vanish	7	4	3	0
5	2	3	75	19	vanish	7	4	3	0
5	2	3	75	20	transfer	7	4	3	0
5	2	3	75	21	vanish	6	4	2	0
5	2	3	75	22	vanish	6	4	2	0
5	2	3	75	23	vanish	7	4	3	0
5	2	3	75	24	vanish	7	4	3	0
5	2	3	75	25	transfer	7	4	3	0
5	2	3	75	26	vanish	5	4	1	0
5	2	3	75	27	vanish	5	4	1	0
5	2	3	75	28	vanish	6	4	2	0
5	2	3	75	29	vanish	6	4	2	0
5	2	3	75	30	transfer	6	4	2	0
5	2	3	75	31	vanish	5	4	1	0
5	2	3	75	32	vanish	5	4	1	0
5	2	3	75	33	vanish	6	4	2	0
5	2	3	75	34	vanish	6	4	2	0
5	2	3	75	35	transfer	6	4	2	0
5	2	3	75	36	vanish	5	4	1	0
5	2	3	75	37	vanish	5	4	1	0
5	2	3	75	38	vanish	7	4	3	0
5	2	3	75	39	vanish	7	4	3	0
5	2	3	75	40	transfer	7	4	3	0
5	2	3	75	41	vanish	6	4	2	0
5	2	3	75	42	vanish	6	4	2	0
5	2	3	75	43	vanish	7	4	3	0
5	2	3	75	44	vanish	7	4	3	0
5	2	3	75	45	transfer	7	4	3	0
5	2	3	75	46	vanish	6	4	2	0
5	2	3	75	47	vanish	6	4	2	0
5	2	3	75	48	vanish	7	4	3	0
5	2	3	75	49	vanish	7	4	3	0
5	2	3	75	50	transfer	8	4	4	0
5	2	3	75	51	vanish	6	4	2	0
5	2	3	75	52	vanish	6	4	2	0
5	2	3	75	53	vanish	7	4	3	0
5	2	3	75	54	vanish	7	4	3	0
5	2	3	75	55	transfer	7	4	3	0
5	2	3	75	56	vanish	6	4	2	0
5	2	3	75	57	vanish	6	4	2	0
5	2	3	75	58	vanish	7	4	3	0
5	2	3	75	59	vanish	7	4	3	0
5	2	3	75	60	transfer	7	4	3	0
5	2	3	75	61	vanish	6	4	2	0
5	2	3	75	62	vanish	6	4	2	0
5	2	3	75	63	vanish	8	4	4	0
5	2	3	75	64	vanish	8	4	4	0
5	2	3	75	65	transfer	8	4	4	0
5	2	3	75	66	vanish	7	4	3	0
5	2	3	75	67	vanish	7	4	3	0
5	2	3	75	68	vanish	8	4	4	0
5	2	3	75	69	vanish	8	4	4	0
5	2	3	75	70	transfer	8	4	4	0
5	2	3	75	71	vanish	7	4	3	0
5	2	3	75	72	vanish	7	4	3	0
5	2	3	75	73	vanish	8	4	4	0
5	2	3	75	74	vanish	8	4	4	0
5	2	3	75	75	transfer	9	4	5	0
